Entity,Group,ID,Lat,long,1992,1993,1994,1995,1996,1997,1998,1999,2000,2001,2002,2003,2004,2005,2006,2007,2008,2009,2010,2011
Algeria,[Africa],DZ,28.033886,1.659626,1755.973698,1680.379856,1630.381508,1660.004192,1698.333823,1690.237538,1750.6509,1781.142464,1794.405233,1814.41513,1871.921986,1971.512803,2043.135713,2115.186028,2124.957754,2155.485231,2173.787903,2192.703976,2231.980246,2255.225482
Angola,[Africa],AO,-11.202692,17.873887,322.0929679,234.6694073,235.2049992,251.8979553,272.2911919,286.0045473,297.4212775,298.5734793,298.4058429,297.9016836,329.5655943,328.7779951,353.2314662,404.2703017,473.1363435,562.9876848,622.566879,619.8185805,623.2452749,629.9553062
Antigua and Barbuda,[America],AG,17.060816,-61.796428,9484.403123,9775.6014,10136.69964,9466.095341,9844.761969,10058.48732,10237.41099,9863.387994,10143.36808,9639.577666,9753.308311,10241.68484,10599.28467,11102.93216,12452.28204,13495.12747,13352.16854,11645.63491,10614.79432,9977.957073
Argentina,[America],AR,-38.416097,-63.616672,6851.752586,7162.093421,7483.560918,7179.938826,7484.004016,7994.115547,8205.47459,7839.514938,7695.594073,7283.062916,6428.393836,6933.155594,7492.249508,8107.975365,8717.176296,9388.688523,9935.834246,9933.229024,10749.31922,11601.63022
Armenia,[Europe],AM,40.069099,45.038189,419.9765817,392.0608648,423.2577397,461.9193605,496.8729112,519.4908922,562.0276149,584.0454354,621.4248263,683.0967842,774.3699779,883.2457014,975.0468166,1109.033787,1253.8133,1424.190562,1520.033931,1302.45698,1326.710864,1384.085162
Australia,[Asia],AU,-25.274398,133.775136,17137.5585,17669.3199,18191.16457,18690.43658,19183.14039,19709.6605,20387.77284,21154.75805,21708.03726,21824.08607,22402.99102,22825.57102,23498.26199,23929.1644,24295.08138,24765.5489,25190.72063,25007.69776,25190.83986,25306.82494
Austria,[Europe],AT,47.516231,14.550072,19847.22018,19787.9258,20185.41806,20692.25631,21174.05212,21638.4083,22432.91072,23181.69316,23974.18307,24087.35538,24375.11384,24466.7063,24945.04777,25370.46587,26171.69091,27036.48733,27305.92329,26183.9976,26642.99386,27266.40335
Azerbaijan,[Europe],AZ,40.143105,47.576927,932.2568693,706.0969501,559.3831647,487.7263633,489.1025898,512.5026379,558.427421,594.5106711,655.0974326,714.3956873,784.2478926,865.5012737,945.4691735,1182.918447,1573.64218,1945.637549,2110.970428,2259.881745,2344.810935,2338.896558
Bahamas,[America],BS,25.03428,-77.39628,17736.28159,17466.21081,17707.13476,18195.24765,18702.81496,18853.24266,19514.56795,20665.69366,21258.29243,21530.3738,21809.34718,21228.07569,21106.72008,21507.71526,21728.70888,21721.61841,20911.59943,19619.12136,19395.15231,19466.99052
Bangladesh,[Asia],BD,23.684994,90.356331,290.4082118,297.1685013,302.8187236,311.1665705,318.9204692,329.396045,339.8583201,349.6507414,363.6399273,375.9934601,385.8060432,399.3959566,417.9536838,436.6881834,459.8625139,483.970868,508.5557725,532.0769985,558.062385,588.3691778
Belarus,[Europe],BY,53.709807,27.953389,1255.818546,1157.769768,1023.510248,920.0339044,948.9599152,1061.634484,1156.297823,1199.662852,1273.049124,1337.849959,1411.756736,1518.99982,1701.450906,1871.393671,2067.609425,2253.464111,2510.27848,2539.508991,2739.950643,2890.345675
Belgium,[Europe],BE,50.503887,4.469936,19223.50264,18964.36992,19516.10388,19939.71072,20184.3295,20887.6142,21245.09101,21946.74568,22697.0123,22801.77672,23008.44994,23097.21262,23750.45981,24033.7833,24512.41314,25034.66692,25082.37413,24190.59495,24550.39655,24733.62696
Belize,[America],BZ,17.189877,-88.49765,2912.125313,3004.324132,2923.503151,2867.582161,2836.493237,2834.8938,2836.13232,3026.777086,3329.663731,3392.853836,3459.62445,3664.651612,3713.233789,3705.052686,3754.122862,3680.916429,3684.074728,3561.345948,3542.364501,3490.234069
Benin,[Africa],BJ,9.30769,2.315834,301.0323793,300.8931358,303.5689319,307.5482248,315.0836292,325.1775008,330.7403465,336.7146807,345.9503552,352.2484617,356.6052314,358.774753,358.2463984,357.2500703,360.6554107,366.0449665,373.5066867,376.6216226,377.0443007,378.0517915
Bhutan,[Asia],BT,27.514162,90.433601,515.5275949,538.0391788,575.9842314,622.4777146,654.6642921,679.7980266,703.6368221,739.4712447,768.7509995,808.0703715,868.2213187,907.2096718,933.830005,974.7109253,1017.718731,1175.926387,1208.403311,1267.476339,1392.68625,1445.760002
Bolivia,[America],BO,-16.290154,-63.588653,890.0104186,906.681968,927.4283664,949.1547026,968.9310379,995.2108349,1023.377496,1006.586485,1010.907367,1007.37931,1012.126212,1019.610271,1042.414432,1069.018333,1101.038461,1132.21388,1182.464638,1202.780485,1232.688733,1276.128614
Botswana,[Africa],BW,-22.328474,24.684866,2437.701909,2416.589463,2438.874824,2483.293334,2559.717672,2757.478268,2986.009108,3078.101681,3204.115483,3268.358809,3516.207918,3691.882799,3865.861638,3880.266895,4025.39536,4160.662597,4223.234151,3965.188966,4189.686702,4377.555741
Brazil,[America],BR,-14.235004,-51.92528,3279.686396,3380.128392,3506.544107,3606.005917,3627.626996,3693.27582,3639.181673,3594.86982,3696.146772,3692.840177,3739.919389,3733.992419,3899.255355,3976.619168,4090.555803,4297.823854,4478.809189,4424.758692,4716.614125,4803.398244
Brunei,[Asia],BN,4.535277,114.727669,19478.09789,18997.87973,19065.31927,19395.52004,19445.25163,18685.23843,18135.12818,18253.77631,18350.13062,18441.34689,18749.57707,18896.52592,18609.15264,18311.88135,18745.80477,18416.90501,17722.65838,17092.46,17225.31562,17301.33869
Bulgaria,[Europe],BG,42.733883,25.48583,1448.163248,1438.153348,1469.280142,1518.050678,1388.110343,1373.605637,1450.025425,1486.818473,1579.34824,1676.43678,1789.094653,1898.329992,2036.554227,2178.445294,2332.363131,2494.352654,2661.640139,2527.938377,2555.177101,2618.876037
Burkina Faso,[Africa],BF,12.238333,-1.561593,172.745855,173.8908427,171.3942466,176.2585051,190.3320226,196.8145029,205.3897943,214.4962792,212.3753864,220.1479407,223.9952322,235.1460232,239.0119506,252.2147193,261.4805054,263.0149271,270.1248597,269.9706467,282.6969373,285.8030263
Burundi,[Africa],BI,-3.373056,29.918886,185.2494132,170.8145217,161.983591,147.4483698,134.4704068,131.4495757,136.7637062,134.0865171,131.0463341,131.1620296,133.7748047,128.6077932,130.9790183,128.2961159,131.1716587,133.286878,135.862446,136.6612801,138.2482379,140.8125043
Cameroon,[Africa],CM,7.369722,12.354722,586.4431124,552.4920757,524.6822672,528.3640454,541.3029119,555.517306,570.0967274,581.6360839,592.3720003,605.161077,615.2922429,625.7819278,634.5093706,634.7228138,640.7628163,647.9445442,650.0360972,648.4856617,653.0286932,665.7982328
Canada,[America],CA,56.130366,-106.346771,18826.65615,19057.23091,19781.71278,20169.53897,20276.45211,20911.11206,21580.31775,22586.44127,23559.50369,23738.89538,24214.92928,24425.87539,24936.82539,25437.65134,25943.73602,26229.74308,26101.76407,25069.86915,25575.21698,25933.28833
Cape Verde,[Africa],CV,16.002082,-24.013197,802.3364283,837.8068344,871.9461404,913.9044579,952.8352477,1003.94853,1066.937087,1171.027518,1233.257523,1285.841106,1330.908785,1371.15693,1409.156806,1481.686684,1613.584414,1735.883891,1827.021304,1878.471315,1958.888455,2038.880104
Central African Rep.,[Africa],CF,6.611111,20.939444,245.7274127,240.249786,245.6903838,257.0281895,241.0434361,248.1671687,254.3143158,258.1975432,247.0281844,244.1919456,238.7862042,218.3631403,217.0755276,218.6561387,223.0974528,227.270618,227.6029896,227.1749071,229.5813971,232.623253
Chad,[Africa],TD,15.454166,18.732207,202.9054101,165.9573803,177.3187634,174.0664733,172.4750383,176.6110338,182.9623533,175.8331812,168.4499977,181.5604881,189.9901139,210.2762831,271.4740773,308.4009003,299.8800932,292.1434649,283.2750275,272.6255027,300.1061535,301.4017086
Chile,[America],CL,-35.675147,-71.542969,3585.435758,3766.798632,3912.849555,4258.237391,4504.721321,4734.56415,4822.819463,4984.1018,5144.589254,5254.015345,5306.721216,5455.926747,5723.690145,5979.068028,6190.109402,6410.806732,6581.357952,6451.631126,6781.696484,7122.938458
China,[Asia],CN,35.86166,104.195397,475.9288697,536.3572647,599.8022805,657.9926002,716.2451166,774.884634,827.348598,882.5523218,949.1780621,1020.519994,1105.952557,1208.993961,1323.219929,1464.107627,1640.861518,1864.102702,2032.61498,2208.403948,2426.332466,2639.54156
Colombia,[America],CO,4.570868,-74.297333,2403.772309,2415.206674,2509.615733,2592.710818,2599.008309,2641.021632,2610.185487,2458.021358,2511.974665,2512.519737,2534.3331,2592.376265,2688.508426,2772.214728,2913.479828,3068.477266,3131.177668,3137.695335,3218.071704,3362.4656
Comoros,[Africa],KM,-11.875001,43.872219,404.2729281,406.4736946,375.7381688,379.7884299,365.5850912,370.7491163,365.9346454,363.3698534,358.9529087,361.2062833,366.2999224,365.4448152,354.8957028,360.0707875,354.8387555,347.1000331,341.2159913,338.2979017,336.4816386,335.2192351
"Congo, Dem. Rep.",[Africa],CD,-4.038333,21.758664,159.1615195,132.2328365,122.4025187,119.2955513,114.8746659,105.9101528,101.9813238,95.49727676,86.75450673,82.66194432,83.08185929,85.28262483,88.24305276,92.36725616,94.76973518,97.91018296,101.1038512,101.1690067,105.5317381,109.8092981
"Congo, Rep.",[Africa],CG,-0.228021,15.827659,1165.298657,1123.5342,1033.593241,1045.775938,1060.600119,1024.542516,1033.349474,979.6144362,1026.831555,1040.151821,1062.807865,1047.17437,1058.23658,1112.09918,1150.392879,1101.219981,1130.542842,1182.579249,1253.804149,1266.356056
Costa Rica,[America],CR,9.748917,-83.753428,3325.26772,3486.846918,3564.271599,3613.881003,3555.542499,3660.070068,3869.523391,4088.304414,4068.821351,4026.557239,4061.980725,4241.887772,4344.084202,4521.011952,4836.674305,5137.485256,5196.689144,5066.966003,5226.566178,5367.799878
Cote d'Ivoire,[Africa],CI,7.539989,-5.54708,618.8025745,598.018497,584.5253864,608.1200345,637.2058658,656.158427,670.6147102,665.9728897,628.2281148,616.5235814,597.5229751,578.9671333,580.1682888,578.0306074,572.2971337,572.0962695,574.9350967,585.3044893,587.5445423,548.2314368
Cyprus,[Europe],CY,35.126413,33.429859,11170.27639,10980.08812,11389.88722,11867.54711,11895.83673,12003.84645,12455.57132,12913.9544,13421.65542,13812.27004,13926.5451,13952.06534,14206.95908,14411.32418,14719.25766,15248.86529,15620.66611,15227.17046,15328.33481,15378.16704
Czech Rep.,[Europe],CZ,49.817492,15.472962,4756.379743,4754.384963,4890.937397,5198.401456,5440.709116,5400.15979,5392.510049,5488.682281,5724.837473,5922.821761,6068.859779,6295.884991,6588.895792,7020.190408,7488.669018,7868.316268,8041.974534,7633.493478,7799.509506,7926.938194
Denmark,[Europe],DK,56.26392,9.501785,24747.03263,24642.62019,25916.55271,26572.14846,27171.14342,27923.91653,28423.78832,29055.2665,29980.15547,30083.47866,30127.21553,30160.70124,30773.70579,31439.4391,32400.06061,32767.40349,32320.10054,30326.03845,30667.82486,30860.12808
Dominica,[America],DM,15.414999,-61.370976,4092.765593,4148.759173,4198.17366,4280.235919,4404.419735,4491.408137,4743.584511,4679.638346,4657.019077,4669.032161,4579.138038,4924.820001,5082.322325,5052.62409,5290.613602,5596.624041,6071.023247,6451.44155,6529.529633,6518.659877
Dominican Rep.,[America],DO,18.735693,-70.162651,1984.325734,2087.090711,2095.655843,2171.301126,2286.158872,2428.195275,2556.581423,2685.208326,2792.917696,2799.689955,2916.783354,2865.84728,2860.651967,3080.315496,3360.408656,3594.073251,3730.909852,3807.809787,4049.039107,4176.344375
Ecuador,[America],EC,-1.831239,-78.183406,1327.249289,1303.469895,1337.833423,1336.079949,1344.586764,1376.516189,1383.787635,1276.486467,1291.341613,1337.822903,1382.484605,1403.492992,1501.796897,1562.326863,1610.967343,1618.868002,1710.53306,1692.067197,1728.052156,1837.008584
Egypt,[Africa],EG,26.820553,30.802498,1173.21007,1186.805731,1213.50565,1248.732698,1289.080933,1337.008939,1367.342647,1425.764651,1475.84441,1500.522743,1507.929351,1527.274258,1560.38394,1600.321838,1678.954796,1765.869427,1858.858447,1911.964501,1975.550031,1976.61483
El Salvador,[America],SV,13.794185,-88.89653,1696.185962,1793.288017,1875.000075,1970.700359,1984.250943,2051.604252,2114.407971,2175.120985,2211.022459,2239.118645,2283.020652,2327.644216,2362.747667,2438.143651,2523.523599,2609.089915,2629.937905,2534.805972,2555.887676,2579.115607
Equatorial Guinea,[Africa],GQ,1.650801,10.267895,567.9302882,583.4253709,592.8171351,655.139626,818.6899996,1356.516143,1601.039009,2192.891309,2388.348625,3779.940087,4375.25886,4832.688038,6467.832441,6888.767026,6774.478148,7994.386395,8603.111686,8750.177368,8465.569062,8875.138212
Eritrea,[Africa],ER,15.179384,39.782334,134.9203565,153.2409588,185.4388967,189.1695919,203.4849296,214.8283381,212.6984812,206.0193609,172.7571562,201.4993284,199.1203198,185.8124989,180.973696,178.6738179,170.8777406,167.7992226,146.8084041,147.9979997,146.7766347,154.8096612
Ethiopia,[Africa],ET,9.145,40.489673,101.3381627,110.8595871,110.7151708,113.8715341,124.2481159,124.5247598,116.9460052,119.7201104,123.6809168,130.5134412,129.157133,123.2536677,136.6187298,149.1918697,161.5928951,176.1074039,190.8632151,203.2099043,218.6586392,229.6769525
Fiji,[Asia],FJ,-16.578193,179.414413,1851.800992,1864.729274,1932.331798,1955.293857,2025.48405,1959.814597,1966.646406,2123.15951,2074.747318,2108.289279,2171.607378,2190.631908,2301.770481,2308.158256,2335.321253,2295.4383,2296.09836,2243.819037,2218.146955,2242.689259
Finland,[Europe],FI,61.92411,25.748151,17874.02535,17643.54519,18209.5322,18858.96271,19468.15567,20614.91289,21594.65366,22386.62957,23529.53846,24012.15877,24393.37625,24825.00902,25774.06477,26435.02344,27495.24136,28839.22241,28789.54385,26205.68832,26953.22055,27570.4852
France,[Europe],FR,46.227638,2.213749,19029.93463,18822.69755,19166.19677,19478.17581,19606.05309,19952.90591,20539.07007,21146.39522,21774.99299,22014.02474,22057.63515,22098.99175,22495.24481,22734.23332,23133.35113,23516.22317,23366.40262,22508.76261,22758.15413,23016.84778
Gabon,[Africa],GA,-0.803689,11.609444,4459.123397,4489.095839,4513.865843,4600.584294,4635.670938,4772.778502,4814.998402,4279.795895,4102.624602,4097.561424,3999.953933,4015.10733,3988.362889,4029.265266,3999.642216,4143.33458,4161.431603,4027.567353,4213.881563,4333.811037
Gambia,[Africa],GM,13.443182,-15.310139,584.0733272,584.2727859,568.9004705,558.0128043,554.6001903,565.7326917,569.3354283,588.8347706,603.5953462,620.1534733,582.399702,604.0681646,627.7599801,603.9892861,593.5751773,598.0822683,615.0835921,636.9905143,660.243831,614.9120868
Georgia,[Europe],GE,42.315407,43.356892,727.1532628,510.1613521,461.7587586,486.5342976,554.8445214,624.6432407,650.3959551,674.2867265,691.9977052,730.5256957,775.7127408,867.0840037,920.1250498,998.5338479,1083.08988,1219.448319,1249.004619,1194.460879,1257.179877,1334.646773
Germany,[Europe],DE,51.165691,10.451526,20685.68998,20344.21755,20774.89183,21061.29653,21166.48499,21502.72144,21899.7529,22295.09966,22945.70885,23254.03991,23217.33203,23117.36188,23390.86265,23564.38517,24463.84647,25297.38539,25620.07539,24368.19561,25420.27572,26206.54827
Ghana,[Africa],GH,7.946527,-1.023194,228.4587968,232.8512761,234.0064503,237.2935875,242.0582959,246.197848,251.7652913,256.7399526,259.9906944,263.9615458,269.2285553,276.4051992,284.8491549,294.4080169,305.7511071,317.7363633,336.3518402,341.5522907,360.3240584,402.6953275
Greece,[Europe],GR,39.074208,21.824312,9882.290356,9635.28819,9746.499079,9875.024813,10037.32849,10337.45326,10627.60307,10942.8272,11396.23262,11839.32069,12204.5999,12887.77317,13404.22954,13657.70934,14352.83954,14801.55423,14711.61049,14192.63181,13452.02377,12509.01415
Grenada,[America],GD,12.262776,-61.604171,3630.425569,3495.042111,3551.461426,3609.494877,3735.657858,3894.988275,4142.415163,5036.583122,5154.117875,5035.7731,5208.035297,5696.619859,5623.718766,6366.454996,6102.639132,6443.53633,6487.66739,6036.875769,6011.845618,6047.200797
Guatemala,[America],GT,15.783471,-90.230759,1498.704836,1521.825661,1547.027574,1586.721932,1596.86309,1629.173165,1671.980828,1696.565649,1716.685342,1714.683402,1737.560382,1737.621098,1748.149672,1760.799855,1810.295335,1877.751467,1892.332607,1855.822851,1862.66726,1886.423623
Guinea,[Africa],GN,9.945587,-9.696645,334.5915453,330.7490435,325.9482525,326.7392477,330.8007569,340.2514058,346.9780635,355.2354859,358.9629091,366.4798648,379.4682217,378.0978646,380.6180765,385.4301951,388.163132,387.7516347,398.9990312,389.6428983,388.4181539,394.1156638
Guinea-Bissau,[Africa],GW,11.803749,-15.180413,186.7891552,186.8423211,188.9340929,193.3230782,211.5166878,220.8949355,155.7675496,164.699961,173.6626946,170.680751,155.5288275,151.579804,151.9337031,154.1061313,154.2631682,155.9948009,157.7455097,159.1472285,161.2932891,166.3466549
Haiti,[America],HT,18.971187,-72.285215,476.3930015,441.6021099,381.2005048,410.800483,419.5746005,422.7552785,424.0260576,427.6110467,423.8688942,412.4570771,404.7800182,399.9735878,380.1802308,381.4180505,384.5855208,392.0942297,390.2099781,396.2336071,369.9354744,385.5793827
Honduras,[America],HN,15.199999,-86.241905,1085.763354,1123.305263,1080.770615,1097.567524,1110.825551,1140.514876,1148.533494,1103.304536,1142.709658,1149.949244,1169.130507,1197.914769,1247.323449,1296.624177,1354.497039,1409.979046,1440.680055,1382.131613,1392.315832,1414.072488
"Hong Kong, China",[Asia],HK,22.396428,114.109497,22555.35372,23546.10108,24411.37474,24500.83898,24435.19094,25468.41275,23770.93183,24135.1651,25756.66378,25710.93403,26021.38854,26869.67462,28980.43778,30985.89814,32952.71213,34734.54725,35210.31049,34216.93042,36207.70622,37958.23146
Hungary,[Europe],HU,47.162494,19.503304,3724.358018,3707.126709,3821.609021,3883.936315,3896.872814,4026.839407,4200.633731,4347.253839,4542.72072,4722.17501,4949.033726,5154.335096,5413.572662,5639.394595,5868.3017,5884.140962,5947.158309,5551.426337,5633.99099,5745.981529
Iceland,[Europe],IS,64.963051,-19.020835,24976.65735,25048.7155,25728.69306,25619.3342,26700.68499,27783.99974,29224.42406,30055.27261,30928.67564,31717.14596,31478.9822,32022.78398,34230.18336,36128.59244,36952.19207,38185.33368,37927.11904,35310.97441,33943.11853,34706.19047
India,[Asia],IN,20.593684,78.96288,323.8575014,332.6056849,347.951035,367.2771625,387.7415214,396.1844388,413.2870519,440.5693093,450.4151061,464.9742607,475.4570581,505.2489363,536.60488,577.6567293,621.8994139,673.004691,689.2731963,735.6318542,794.801256,837.7464011
Indonesia,[Asia],ID,-0.789275,113.921327,669.1430377,706.5088043,748.3235143,799.3099303,848.2471059,875.959217,750.8111959,746.7927777,773.3109699,791.0764547,816.0164079,844.1834857,875.7291576,914.5999046,953.9355312,1003.364434,1052.433389,1089.724014,1145.385435,1206.991065
Ireland,[Europe],IE,53.41291,-8.24389,14640.43757,14959.68558,15758.49856,17188.38855,18664.80744,20495.91046,21865.41711,23764.16285,25629.6501,26433.75372,27518.57409,28200.07667,28937.33143,29825.53296,30669.37259,31543.60253,30130.64042,27814.12448,27599.29658,27715.52837
Israel,[Asia],IL,31.046051,34.851612,15814.39991,16255.31103,16937.80936,17568.40398,18054.29086,18202.49628,18523.47738,18663.73882,19859.30215,19353.34454,18858.29173,18800.92652,19366.33583,19967.98088,20715.56805,21469.53451,21941.10572,21602.21001,22239.05126,22859.67589
Italy,[Europe],IT,41.87194,12.56738,16972.62591,16817.59766,17175.84873,17671.40672,17866.89937,18190.67114,18448.79289,18713.35397,19388.27875,19737.24069,19763.83911,19601.25524,19744.88756,19781.95853,20102.23023,20291.22664,19903.45694,18697.21979,18944.41381,18937.24998
Japan,[Asia],JP,36.204824,138.252924,35465.92544,35439.01601,35623.48851,36177.03484,37026.22945,37518.58086,36674.24535,36531.78124,37291.70616,37342.14473,37363.28744,37911.68993,38793.6216,39295.3062,39965.85551,40837.26664,40433.00131,38242.02429,39971.78745,39578.07441
Jordan,[Asia],JO,30.585164,36.238414,1660.043442,1660.018529,1676.305198,1723.089546,1706.167718,1709.60361,1708.133111,1734.700478,1764.229892,1811.871989,1870.859069,1901.469356,2015.048627,2129.780417,2250.274213,2380.50934,2497.539317,2577.480413,2579.382449,2588.668961
Kazakhstan,[Asia],KZ,48.019573,66.923684,1350.872287,1234.754798,1094.947091,1022.929651,1043.733143,1078.38076,1076.31023,1115.949686,1229.000958,1397.290433,1534.161602,1671.207074,1818.958816,1977.739368,2166.323302,2332.29493,2380.085304,2345.86415,2481.675284,2629.911409
Kenya,[Africa],KE,-0.023559,37.906193,424.1409301,412.3969705,410.6019064,416.4573819,421.9441966,412.9163069,415.7071678,414.6000627,406.5230596,411.0713321,402.6288259,403.6788859,413.3182833,426.5174886,442.0213127,461.0193747,456.2504868,456.7715432,470.5770914,478.2194906
Kiribati,[Asia],KI,-3.370417,-168.734039,640.1912383,653.954267,677.3191611,661.54344,691.4175765,718.1945537,783.5762528,771.0643573,812.2820768,773.1388605,805.9539156,826.7867616,819.3379681,785.373675,769.2194408,773.0187997,743.1437139,714.6150579,713.5624963,715.2906089
"Korea, Rep.",[Asia],KR,35.907757,127.766922,7841.154399,8247.876792,8872.010068,9548.014842,10119.29924,10491.08182,9701.67292,10546.81217,11346.66499,11710.57982,12478.06366,12764.27199,13303.82,13801.82945,14446.3586,15113.35278,15349.84987,15325.94024,16219.38807,16684.21278
Kyrgyzstan,[Asia],KG,41.20438,74.766098,361.4138827,305.4537963,244.189418,228.6509637,241.2524383,261.333537,262.8158265,268.4053375,279.620275,291.7193318,289.0037341,306.0954277,323.6638562,319.4720621,325.8628655,350.3441065,376.1870312,382.4003295,376.0840211,393.1914713
Laos,[Asia],LA,19.85627,102.495496,236.0549501,243.2833933,256.3399895,267.6619733,279.6257584,292.3715439,297.7823269,313.4144671,325.5930951,338.4722045,352.7798199,368.4631248,386.0090906,407.2442907,435.6645778,461.6632892,490.2975328,519.3051858,555.5194618,591.8581836
Latvia,[Europe],LV,56.879635,24.603189,2364.538008,2291.456926,2381.162683,2392.537411,2511.364882,2746.617228,2903.583612,3064.871174,3300.934656,3593.665247,3853.077108,4153.934086,4538.847782,5046.862474,5695.361455,6296.227116,6055.664808,4993.181194,5011.201551,5330.567994
Lebanon,[Asia],LB,33.854721,35.862285,4170.909613,4299.352406,4484.612871,4642.360019,4775.778817,4591.051699,4694.885926,4615.528049,4612.198672,4718.173498,4794.649971,4865.705023,5147.690669,5129.401773,5103.490175,5436.651885,5895.082206,6350.330241,6745.659909,6896.230909
Lesotho,[Africa],LS,-29.609988,28.233608,326.1564687,330.938784,343.4238701,343.106329,352.3271085,357.4044134,369.934015,364.9195464,379.7756226,390.6006034,390.5998486,403.8157931,409.2815293,416.5360078,430.3513273,446.3204159,465.6937471,474.1677211,495.6616443,518.984126
Liberia,[Africa],LR,6.428055,-9.429499,110.7091446,75.06432943,58.4599316,54.50519236,58.08325438,111.8601987,134.7861016,155.2565309,185.8134039,219.7689494,284.3651077,188.4030778,175.5789124,186.8010756,196.9509939,217.1365282,228.1123148,247.4982622,263.7055952,279.2204061
Lithuania,[Europe],LT,55.169438,23.881275,3184.88596,2680.758496,2435.800253,2535.380653,2687.135042,2909.227045,3153.932319,3142.298633,3267.347443,3505.702768,3759.516239,4162.578654,4492.771404,4873.504234,5287.136551,5839.145602,6041.40902,5179.581644,5332.530607,5793.289777
Luxembourg,[Europe],LU,49.815273,6.129583,34977.32639,35960.6155,36829.65055,36836.02214,36888.60393,38592.16632,40589.27007,43416.66048,46453.24578,47059.30298,48473.59546,48685.68121,50096.42191,51927.36096,53628.23455,56285.27685,54881.98403,51678.20312,52222.57667,52056.01781
"Macao, China",[Asia],MO,22.198745,113.543873,14577.02034,15044.12439,15422.24854,15670.4786,15361.73198,15083.07103,14169.15475,13605.60248,14128.87518,14261.29034,15212.8881,16755.03051,20776.99739,22024.05015,24595.65317,27440.57214,27656.90664,27459.57241,34083.96421,40258.80862
"Macedonia, FYR",[Europe],MK,41.608635,21.745275,1782.227555,1640.555372,1603.851844,1578.21368,1588.982543,1603.972796,1650.335836,1714.397671,1785.326792,1698.629946,1707.892277,1751.17665,1827.504436,1902.296519,1993.12215,2110.685735,2210.198276,2185.338849,2220.04388,2283.798023
Madagascar,[Africa],MG,-18.766947,46.869107,258.5376868,256.0721212,248.1562506,244.6940024,242.2391988,243.3822039,245.0811228,248.5521079,252.3825167,259.4294043,219.7202784,234.008294,238.996113,242.6160692,247.3222293,255.0941521,265.3663611,245.9461456,242.6858167,238.1727482
Malawi,[Africa],MW,-13.254308,34.301525,129.360236,141.3153563,126.188337,145.6410746,153.3909449,155.3738924,156.9657643,157.1518033,155.2715445,143.700152,142.3914479,146.3657361,149.4329748,149.4843299,148.2569961,157.6213676,165.6965065,175.1996212,180.9022956,182.8754793
Malaysia,[Asia],MY,4.210484,101.975766,2932.017288,3140.825774,3344.567799,3581.946302,3842.637758,4022.843596,3636.473102,3767.637015,4005.556325,3933.935077,4052.878748,4194.260799,4385.96954,4529.601248,4695.229726,4905.121369,5057.826663,4901.547097,5168.686016,5345.213415
Mali,[Africa],ML,17.570692,-3.996166,197.7157132,188.5664649,185.2889307,191.5799132,192.4900901,199.984459,206.2589562,213.9847903,214.4665918,233.3020271,235.6609022,245.4620828,243.1253151,249.9919308,255.1821602,258.0305073,262.7028131,266.2421489,273.2537959,272.309384
Malta,[Europe],MT,35.937496,14.375416,7268.309759,7522.272236,7877.446011,8320.717842,8582.794968,8972.622255,9375.555737,9770.355503,10377.03732,9912.989689,10116.00482,10062.9613,9945.301724,10244.27105,10405.84596,10781.04969,11172.28154,10822.30802,11062.23272,11213.537
Marshall Islands,[Asia],MH,7.131474,171.184478,2195.722491,2296.391941,2406.123996,2581.130408,2298.033405,2137.102063,2067.001174,2011.641453,2127.485462,2242.192582,2303.718569,2310.920837,2310.706943,2368.148833,2404.736431,2464.990651,2399.438278,2344.615002,2437.282445,2522.824763
Mauritania,[Africa],MR,21.00789,-10.940835,478.453331,492.6801393,464.4188105,495.871645,510.1200356,475.82487,483.3906596,505.9877562,489.511645,485.096439,474.3767771,488.4919086,502.1870326,532.3746624,616.1063541,609.9344005,615.5627259,593.2220962,609.1711718,623.3743766
Mauritius,[Africa],MU,-20.348404,57.552152,2796.282419,2903.761113,2981.823752,3083.050001,3222.201384,3363.089471,3529.939775,3576.344285,3861.038542,3917.470035,3966.162596,4068.786714,4265.679685,4284.358738,4419.912257,4650.98538,4875.992739,4998.390059,5180.967874,5370.831613
Mexico,[America],MX,23.634501,-102.552784,5100.450456,5107.364167,5242.02183,4831.8194,4994.343301,5244.289724,5413.091187,5536.469198,5816.614481,5728.967655,5702.903705,5709.419562,5868.919741,5982.653839,6211.927234,6333.082389,6327.013175,5875.619997,6124.709571,6288.25324
"Micronesia, Fed. Sts.",[Asia],FM,7.425554,150.550812,2012.001496,2124.090865,2071.909865,2189.552,2108.231086,1979.562132,2044.550554,2079.95493,2177.589076,2211.77391,2215.996112,2244.02122,2159.529606,2196.247196,2185.269074,2134.368831,2074.554992,2088.663595,2134.037162,2168.464762
Moldova,[Europe],MD,47.411631,28.369885,580.9948302,574.64262,398.2604702,394.704398,374.9297106,381.7709755,357.6285799,346.0159723,354.001668,376.4364351,406.7394258,434.8071406,468.1844927,504.5300652,530.0947081,547.6737738,591.3234616,556.6078798,596.6866117,635.5064743
Mongolia,[Asia],MN,46.862496,103.846656,419.3664574,402.6135239,408.1279567,430.8082538,436.7934434,449.8963956,460.7432676,470.5228935,471.4733258,480.7797097,498.5508654,527.8217749,577.1044579,610.97706,653.8074697,709.7234231,760.4424582,738.5616914,772.9330643,893.9924451
Morocco,[Africa],MA,31.791702,-7.09262,1160.35428,1129.622983,1226.906463,1128.767079,1248.155351,1203.192648,1277.778795,1267.801053,1271.811092,1351.267218,1379.685835,1450.122724,1502.883173,1530.850723,1632.1342,1658.8554,1733.533863,1797.40725,1844.351028,1908.304416
Mozambique,[Africa],MZ,-18.665695,35.529562,173.7414103,181.9610984,187.2772069,186.0090145,193.938044,208.0954968,224.7593625,236.9698262,233.4392656,254.3569539,269.4522055,278.1361218,292.2787143,312.1619264,323.7736997,339.063814,353.7610957,367.5217573,383.583257,401.5652651
Namibia,[Africa],NA,-22.95764,18.49041,1986.003539,1889.241147,1969.553208,1991.601861,1995.28225,2019.019873,2026.842043,2040.346797,2061.620971,2042.263093,2099.894122,2150.84065,2373.428467,2390.598795,2512.927204,2598.512655,2635.61212,2575.443906,2695.878327,2749.274482
Nepal,[Asia],NP,28.394857,84.124008,186.5201625,188.9529063,199.4516947,201.2977806,206.8237863,211.9611335,213.0659607,217.1422754,225.1686785,230.5017575,225.5201444,229.2083438,234.7833261,237.1098462,241.0469797,244.5372613,254.694255,261.4691799,269.24519,274.8728621
Netherlands,[Europe],NL,52.132633,5.291266,19346.48928,19453.72947,19909.36695,20428.58654,21027.24752,21814.30431,22530.81727,23429.80294,24179.73141,24460.06539,24322.98355,24289.73919,24746.84398,25194.34122,26007.67914,26968.6177,27348.47436,26210.30536,26501.04582,26634.86005
New Zealand,[Asia],NZ,-40.900557,174.885971,10941.83261,11507.24613,11955.70046,12291.83756,12534.37977,12589.6147,12531.64223,13111.0032,13375.78052,13774.3236,14202.16315,14529.66965,14853.266,15171.59429,15103.23038,15392.50271,15011.18385,14778.16393,14629.2181,14646.42094
Nicaragua,[America],NI,12.865416,-85.207229,848.1214743,824.4154524,832.0932981,862.0452469,898.118078,916.0091673,933.1650014,982.2554692,1006.62731,1021.348188,1015.033607,1027.131293,1068.013361,1099.721345,1130.956438,1172.860136,1191.478584,1158.878313,1179.183343,1221.491965
Niger,[Africa],NE,17.607789,8.081666,173.9879134,170.7758392,171.746869,170.3290646,170.1947187,168.9068441,180.1044006,172.9273576,164.6489476,170.331118,169.4740445,172.3869354,166.6644296,168.1737544,171.7644805,171.4210995,179.8311403,171.996392,179.2932276,177.0587161
Nigeria,[Africa],NG,9.081999,8.675277,368.1038996,367.2846662,359.0260513,359.4315487,366.2201056,367.4600805,365.7525573,361.20193,371.7680804,374.1686638,370.8107292,399.0619903,430.5797415,442.7179313,458.6349173,476.214166,492.2669892,513.5003377,540.6852114,565.9947974
Norway,[Europe],NO,60.472024,8.468946,29126.48798,29760.45012,31086.28675,32219.95618,33691.88676,35316.75083,36048.93156,36528.21443,37472.67167,38025.499,38389.08411,38539.90181,39830.41204,40584.24403,41245.80863,41904.21021,41399.70903,40199.34622,39970.29253,40034.85063
Oman,[Asia],OM,21.512583,55.923255,7162.823979,7300.882532,7343.329187,7539.618642,7677.390598,8112.810302,8340.057326,8342.813461,8774.93385,9369.334408,9511.05587,9404.444312,9550.963194,9723.216887,10006.30307,10392.28594,11385.6398,11191.81101,11345.42955,11701.49655
Pakistan,[Asia],PK,30.375321,69.345116,481.8264339,478.0631904,483.5766621,494.7209888,505.2459234,496.9950607,496.5318923,502.1246594,511.7025555,511.1109972,517.5966508,532.9973575,562.283992,594.766855,620.2956378,643.8585182,642.4275373,653.6111759,664.7112698,672.1547506
Palau,[Asia],PW,7.51498,134.58252,6611.258295,5638.089972,5884.424243,6355.627,6842.128803,6834.185591,6820.326947,6331.028107,6251.982057,6258.180548,5986.383096,5871.065445,6126.092574,6429.585897,6587.7246,6519.923561,6088.915614,5775.136249,5756.810516,6050.217067
Panama,[America],PA,8.537981,-80.782127,3335.373924,3445.733705,3472.019002,3461.541479,3487.450297,3638.829767,3828.978102,3901.628204,3930.98941,3879.405698,3892.880356,3983.350796,4207.060947,4431.128087,4726.880151,5210.719076,5643.895786,5767.710644,6109.58737,6654.394909
Papua New Guinea,[Asia],PG,-6.314993,143.95555,672.8191719,775.5572225,800.9902466,754.7246551,792.0837156,741.2829595,694.6610932,689.1339987,654.6687817,637.3149128,620.410249,618.208302,619.5391243,626.3082483,627.1163523,656.3571364,683.9764815,705.0075736,744.2105476,793.197745
Paraguay,[America],PY,-23.442503,-58.443832,1406.982974,1426.760892,1445.128954,1488.949911,1461.484586,1472.343823,1449.257221,1397.892359,1323.481934,1323.463415,1243.338276,1244.504616,1263.919877,1331.107082,1352.975654,1450.184566,1483.739071,1406.361701,1578.636338,1657.583233
Peru,[America],PE,-9.189967,-75.015152,1627.86557,1673.751133,1854.116253,1978.016368,1992.578021,2093.207824,2045.292819,2031.631231,2060.576257,2036.157948,2110.139623,2167.734164,2248.410429,2374.297077,2529.840728,2725.815245,2961.787982,2955.186222,3180.374608,3359.517402
Philippines,[Asia],PH,12.879721,121.774017,942.6405175,940.557041,959.6490898,982.0315551,1016.311842,1045.458888,1016.775298,1025.551505,1048.070513,1055.807441,1071.690095,1102.215971,1153.022382,1185.37688,1225.045039,1283.46737,1314.225968,1307.139627,1383.404865,1413.366295
Poland,[Europe],PL,51.919438,19.145136,2936.202295,3038.226011,3192.290062,3409.582827,3619.549273,3873.504441,4065.014617,4249.276744,4454.08022,4532.00606,4599.555503,4780.653149,5039.11715,5223.679776,5552.50127,5932.47441,6235.755172,6332.960478,6574.296118,6854.462537
Portugal,[Europe],PT,39.399872,-8.224454,9267.159781,9066.313494,9134.125285,9500.348837,9823.834262,10222.96148,10707.74758,11097.15537,11470.89792,11621.11519,11624.76812,11438.67936,11549.79944,11586.96254,11716.00896,11965.99661,11949.11464,11590.61176,11747.58549,11551.91534
Romania,[Europe],RO,45.943161,24.96676,1532.302552,1557.579345,1621.774736,1741.411909,1816.449599,1710.513229,1631.970069,1614.919453,1650.968421,1769.595638,1887.895733,1991.649037,2164.634556,2260.215139,2444.048428,2595.596086,2844.641672,2606.872622,2636.787677,2633.022807
Russia,[Europe],RU,61.52401,105.318756,2106.223762,1925.833809,1685.849782,1618.123275,1564.115268,1590.6965,1510.542696,1613.698631,1775.141291,1870.048624,1967.518602,2121.289033,2285.363231,2442.962966,2654.200194,2888.847355,3043.665599,2806.41483,2928.005033,3054.727742
Rwanda,[Africa],RW,-1.940278,29.873888,267.0978606,264.643566,139.5009777,191.2838223,206.9830518,217.168742,214.4013989,211.226038,214.2336989,222.9332294,246.0861869,245.1063996,257.7160008,275.1117623,291.0580268,304.5930038,328.6537842,338.7726933,352.5356203,370.5928566
Saint Kitts and Nevis,[America],KN,17.357822,-62.782998,6333.157384,6788.240863,7168.515784,7465.026642,7978.79159,8546.153059,8775.281489,8767.188122,9406.289898,9507.072848,9564.65589,9426.088229,9465.436093,10265.82187,10607.8774,10761.45073,11123.62489,10226.3901,9856.212861,9944.172624
Saint Lucia,[America],LC,13.909444,-60.978893,4246.649214,4270.077012,4246.356325,4303.097972,4486.082887,4425.823806,4636.189825,4691.476724,4900.495676,4609.279632,4578.56082,4737.988573,5078.464141,4924.826904,5315.874333,5332.841877,5551.039187,5492.63496,5463.08385,5469.971349
Saint Vincent and the Grenadines,[America],VC,12.984305,-61.287228,2924.155455,2926.022069,2837.148394,2865.622856,2905.04787,3292.818855,3465.539613,3619.470299,3683.782769,3741.209407,3969.428837,4262.467501,4431.15991,4532.378171,4872.784507,5031.533538,5095.987207,4980.803252,4839.222302,4844.76687
Samoa,[Asia],WS,-13.759029,-172.104629,1144.434511,1181.3882,1141.06268,1204.352769,1278.948143,1275.736385,1292.909444,1310.132762,1391.214354,1480.681109,1538.651477,1606.074843,1677.812758,1742.154491,1771.581102,1798.385778,1870.227744,1769.085695,1769.565011,1797.172011
Saudi Arabia,[Asia],SA,23.885942,45.079162,9571.616719,9308.412327,9143.708768,8976.836874,9135.052288,9256.511554,9402.229599,9178.24827,9400.811686,9161.461813,8839.186316,9144.945194,9261.921934,9439.858537,9440.180027,9364.488672,9513.377173,9294.355996,9499.37889,9913.75628
Senegal,[Africa],SN,14.497401,-14.452362,466.5830076,459.024336,446.0914038,457.3258796,454.4335481,456.8869761,471.9133211,489.4203221,492.2862252,501.4912849,491.4620661,510.2133638,525.8493055,540.5931403,539.4896428,550.6476376,555.9069869,552.5429026,560.2574435,559.9683029
Serbia,[Europe],RS,44.016521,21.005859,941.5301233,649.7897202,662.991963,703.0393203,760.8364081,844.1688402,859.2761753,765.8042703,809.2750794,853.6331911,889.2291466,915.3845234,1002.852496,1060.186883,1102.68089,1166.947567,1216.459267,1178.599695,1194.639994,1223.640529
Seychelles,[Africa],SC,-4.679574,55.491977,6072.95358,6355.749608,6201.512969,6037.65184,6242.293166,6907.435651,7342.877917,7334.842047,7578.851053,7400.246821,7266.462762,6913.010246,6740.379744,7208.968268,7721.541646,8419.715827,8151.71295,8162.196585,8787.766431,9279.112672
Sierra Leone,[Africa],SL,8.460555,-11.779889,211.3136796,216.005705,213.5122035,197.2771487,207.1508898,171.790612,168.627476,152.0644545,153.4779677,174.5914239,212.5765491,221.2939321,227.2505211,234.0492592,242.8925156,251.4170171,259.0029069,261.3687038,268.3072782,278.2433791
Singapore,[Asia],SG,1.352083,103.819836,16970.76377,18446.17393,19767.48282,20571.45946,21258.52785,22305.68363,21092.56352,22221.38452,23814.55661,22913.32124,23658.8657,25110.50033,27068.9741,28388.86966,29925.50494,31246.99685,30131.61718,28949.85732,32640.68442,33529.83052
Slovak Republic,[Europe],SK,48.669026,19.699024,4231.532469,4059.440463,4294.394633,4532.055706,4836.394273,5041.888274,5254.7102,5251.331595,5330.401622,5526.10988,5779.162486,6054.498868,6357.378019,6774.732012,7334.109759,8094.874509,8545.630996,8106.258155,8427.435101,8693.835279
Slovenia,[Europe],SI,46.151241,14.995463,7207.894527,7430.531007,7835.451535,8119.111389,8420.53841,8849.863654,9180.932649,9662.969018,10045.36008,10324.38327,10706.20714,11013.26166,11490.68017,11930.45861,12588.10838,13377.91533,13836.18922,12613.67797,12732.04555,12688.65168
Solomon Islands,[Asia],SB,-9.64571,160.156194,1243.208583,1256.465112,1333.8271,1403.803165,1387.563992,1330.727375,1318.075369,1276.347287,1064.514687,952.7746188,900.6462863,932.7727539,951.5348485,975.6054302,1014.873466,1092.939555,1141.163946,1097.560429,1143.787545,1214.855148
South Africa,[Africa],ZA,-30.559482,22.937506,2929.027116,2903.199593,2933.724114,2960.422458,3019.966,3029.772513,2974.681189,2972.203412,3019.946367,3039.70613,3108.043654,3159.237852,3264.317383,3397.720015,3548.09031,3704.084266,3795.976906,3697.67368,3753.445365,3825.093781
Spain,[Europe],ES,40.463667,-3.74922,11666.91038,11510.72335,11753.38552,12049.25856,12311.9921,12754.63169,13278.0036,13836.7026,14413.78887,14774.89486,14957.32291,15165.92735,15408.16294,15700.52761,16074.46178,16351.11108,16251.83693,15523.00304,15418.82018,15428.32098
Sri Lanka,[Asia],LK,7.873054,80.771797,615.4917881,649.7576523,676.747999,704.3240993,723.114065,759.818766,786.3702892,808.4815709,854.9267252,855.3725803,883.4571769,923.6354395,960.7985946,1009.908869,1075.625538,1138.366839,1195.481085,1223.68571,1308.784019,1402.121673
Sudan,[Africa],SD,12.862807,30.217636,287.8300081,293.1974923,288.4693885,297.9165421,307.5115244,331.3842576,337.0008382,338.9298898,358.529201,371.776718,382.8049443,400.8953331,411.7305382,427.4534422,464.1288726,498.5701577,519.2826583,536.5690248,549.8570037,561.8427214
Swaziland,[Africa],SZ,-26.522503,31.465866,1317.897084,1332.046558,1338.050169,1374.690879,1397.002261,1408.600952,1443.390551,1484.03862,1508.18366,1523.650799,1548.700189,1581.320379,1625.155965,1663.010501,1715.684609,1773.456589,1794.779059,1795.97974,1811.07776,1813.544908
Sweden,[Europe],SE,60.128161,18.643501,22660.07708,22065.24441,22788.10617,23561.66995,23903.46322,24536.81457,25554.38629,26724.34561,27869.3776,28145.51174,28750.76384,29313.02109,30434.4529,31271.10358,32431.9404,33259.26285,32798.73425,30885.45914,32631.19271,33630.24604
Switzerland,[Europe],CH,46.818188,8.227512,33092.33395,32751.01216,32903.52918,32841.55514,32855.30719,33445.61911,34258.14203,34571.1485,35639.47886,35854.93258,35650.68774,35394.62871,36003.23264,36737.40672,37877.18249,38983.87532,39324.73112,38084.23568,38826.84298,39170.41371
Tajikistan,[Asia],TJ,38.861034,71.276093,270.039666,222.1743518,172.2731337,148.727869,122.0948533,122.3983598,127.1215414,130.1709919,139.4098818,152.1561491,164.5968153,179.9282729,197.3069385,215.8970674,180.0892749,216.5445832,259.1376482,265.5934156,278.9403281,295.3601307
Tanzania,[Africa],TZ,-6.369028,34.888822,292.6904286,286.5394947,281.9188719,283.4259214,288.2452075,290.7819777,294.1719742,300.9189198,307.9861546,318.2627899,332.3711192,346.0724304,363.3474703,379.684133,394.224159,410.6836189,428.7591559,441.5066096,458.7864636,473.8812365
Thailand,[Asia],TH,15.870032,100.992541,1599.211652,1718.026934,1858.003963,2011.825398,2109.05461,2057.066906,1819.176177,1877.305197,1943.237928,1962.241437,2042.798299,2164.301418,2277.562345,2359.644614,2458.517431,2562.72216,2608.24726,2531.233735,2712.508016,2699.123242
Togo,[Africa],TG,8.619543,0.824782,260.0503342,216.5494299,243.6614205,256.1737988,270.6453677,299.5493397,282.8515266,280.4858181,270.0008761,258.4568888,249.7475313,256.0710824,255.6614294,252.9503503,257.4007154,257.57179,258.0385955,261.0540398,265.9220492,273.1075134
Tonga,[Asia],TO,-21.178986,-175.198242,1588.962475,1646.374392,1725.202914,1785.210648,1780.029211,1771.150738,1811.518583,1872.855198,1926.004579,1984.412923,2040.248192,2071.573314,2078.980271,2115.027069,2067.535705,1969.004052,1980.449248,2025.509049,2069.226162,2162.151892
Trinidad and Tobago,[America],TT,10.691803,-61.222503,4887.098902,4778.188694,4911.226715,5071.285557,5240.655855,5354.497819,5743.766192,5970.327241,6311.106551,6544.683827,7044.089736,8033.096122,8637.573301,9102.422018,10264.67428,10714.74422,10959.66371,10555.89147,10515.63403,10047.90319
Tunisia,[Africa],TN,33.886917,9.537499,1787.360256,1791.161976,1814.968772,1828.181448,1930.420696,2007.68857,2080.664494,2177.268831,2245.335059,2327.437616,2340.805906,2454.335085,2576.343908,2653.593468,2776.257059,2921.993577,3023.398051,3083.98651,3143.533869,3050.885999
Turkey,[Europe],TR,38.963745,35.243322,3525.163557,3731.731996,3499.091157,3713.622635,3923.860895,4154.442935,4184.287831,3982.203914,4189.478062,3894.650922,4077.772373,4234.679177,4569.414208,4887.370377,5154.661097,5323.682988,5288.416087,4968.579023,5356.000439,5741.410398
Turkmenistan,[Asia],TM,38.969719,59.556278,772.1194935,762.1168556,614.3291321,557.5057952,583.752321,509.0574909,537.8446406,618.9656033,645.2771015,665.8637486,660.5586839,675.1330551,701.5180772,784.469049,860.7116809,944.6692397,1070.415935,1121.73612,1209.794679,1370.427756
Tuvalu,[Asia],TV,-7.109535,177.64933,1188.322073,1231.084834,1351.771634,1278.696261,1197.66638,1312.652703,1510.281244,1480.322357,1458.949625,1474.648291,1581.090933,1518.824998,1489.5884,1426.191345,1457.394721,1540.390233,1643.088907,1611.694974,1559.983698,1576.211871
Uganda,[Africa],UG,1.373333,32.290275,189.8414888,199.0647897,205.1886352,221.8284014,234.7133909,239.4405149,243.8486185,255.7044438,255.7806112,260.7363255,274.6005446,283.0782984,292.6805093,301.2583026,323.0773993,339.0620829,356.8351769,370.5361322,379.9914906,392.7088001
Ukraine,[Europe],UA,48.379433,31.16558,1141.121045,978.2410109,757.6393636,670.4856861,608.8159886,595.9567816,589.8821355,594.2795457,635.7089682,701.2094906,745.0390011,821.7133693,928.1552911,960.2262143,1037.312259,1125.959706,1158.110564,991.1002641,1036.837506,1094.681152
United Arab Emirates,[Asia],AE,23.424076,53.847818,34255.84156,32928.56677,33445.28092,33926.3405,34073.53549,34921.61401,33194.71587,32489.23039,34395.14913,33592.36688,33297.06929,34669.32855,35316.33901,33288.11139,31929.79817,28427.09848,25573.73175,22507.00157,21088.26438,21058.43643
United Kingdom,[Europe],GB,55.378051,-3.435973,19721.73864,20111.73115,20919.22294,21498.79017,22061.54938,22732.53847,23463.03804,24125.47891,25057.61353,25686.65028,26214.96735,27105.18271,27752.91158,28354.03958,28913.09629,29771.30335,29287.76042,27933.77767,28244.33694,28272.40661
United States,[America],US,37.09024,-95.712891,28401.46518,28834.55935,29655.06941,30050.98673,30827.9882,31831.46159,32847.35197,34053.35541,35081.92308,35116.21508,35427.90996,36021.31408,36931.39383,37718.00537,38349.39879,38710.88544,38208.76118,36539.22823,37329.61591,37691.02733
Uruguay,[America],UY,-32.522779,-55.765835,5788.057622,5898.529062,6281.936354,6146.711025,6465.206609,6973.363589,7249.309766,7076.216877,6914.362582,6633.475168,6120.259436,6178.858603,6491.610552,6967.471275,7233.906191,7685.2245,8211.661782,8382.829016,9096.794459,9581.05659
Uzbekistan,[Asia],UZ,41.377491,64.585262,578.5541131,552.5472066,513.632001,499.8947288,498.761383,514.8978427,528.4640553,545.2774927,558.221144,574.3502834,590.058588,607.7253728,647.0119854,684.2969072,725.3469456,783.0274969,839.9109699,892.7489089,941.6718455,992.7613654
Venezuela,[America],VE,6.42375,-66.58973,1326.412168,1298.023742,1377.68347,1358.46581,1361.612644,1402.885109,1438.355505,1416.949431,1469.761787,1385.036927,1290.019027,1301.981585,1323.372308,1355.821723,1418.075283,1472.19553,1524.253595,1538.084443,1522.38404,1522.528302
Vietnam,[Asia],VN,14.058324,108.277199,5366.577735,5263.645046,5029.950337,5119.602561,5005.250067,5218.154035,5132.015852,4733.817832,4818.70818,4890.92999,4377.382134,3966.499729,4610.489039,5000.076202,5401.421719,5777.628568,5984.144953,5700.884058,5528.363114,5671.912202
"Yemen, Rep.",[Asia],YE,15.552727,48.516388,484.3026701,479.0782685,487.9658688,494.5977947,499.0076785,508.389801,523.1331648,527.3740991,543.7138828,547.622371,552.071517,555.420732,559.9991715,573.4857059,573.8957089,575.2493701,578.3232708,582.6175013,608.5960601,528.3986734
Zambia,[Africa],ZM,-13.133897,27.849332,361.4832347,376.6755744,335.7071901,317.9384211,331.0225109,332.6409262,317.5586907,316.0358938,318.9268222,326.5887929,329.7351753,338.8847613,349.0854725,359.0712373,372.0836755,385.1228226,396.3443844,410.3162672,434.6598042,443.9206307
Zimbabwe,[Africa],ZW,-19.015438,29.154857,490.4775035,485.1061674,519.4969303,510.7519156,553.8762918,559.537089,567.4543121,556.3033687,534.7911515,539.662758,490.3868614,406.8785624,383.7076653,362.5763768,351.1720467,339.6548829,280.3085028,296.5486099,322.5569276,347.7456605
